Date,Speed,Altitude,Pressure,X,Y,Z,G,Latitude,Longitude,Heading,Magnetic Field,Sound Level,Luminance,Heart Rate
"2025-05-11 11:27:23.935",1.707735,0.000000,0.000000,-0.144821,-0.406647,-0.930237,1.025512,0.000000,0.000000,0.000000,0.000000,0.000000,0.000000,HRDATA
"2025-05-11 11:27:24.934",1.707735,0.000000,0.000000,-0.025833,1.099289,-0.514313,1.213928,0.000000,0.000000,0.000000,0.000000,0.000000,0.000000,HRDATA
"2025-05-11 11:27:25.934",0.632674,0.000000,0.000000,-0.928696,-0.029114,0.350937,0.993217,0.000000,0.000000,0.000000,0.000000,0.000000,0.000000,HRDATA
"2025-05-11 11:27:26.939",0.170353,0.000000,0.000000,-0.908234,-0.030151,0.359863,0.977394,0.000000,0.000000,0.000000,0.000000,0.000000,0.000000,HRDATA
"2025-05-11 11:27:27.934",0.018544,0.000000,0.000000,-0.935913,-0.053467,0.366364,1.006486,0.000000,0.000000,0.000000,0.000000,0.000000,0.000000,HRDATA
"2025-05-11 11:27:28.939",0.060344,0.000000,0.000000,-0.836090,-0.223236,0.640411,1.076572,0.000000,0.000000,0.000000,0.000000,0.000000,0.000000,HRDATA
"2025-05-11 11:27:29.939",0.037218,0.000000,0.000000,-0.582306,-0.095566,0.876083,1.056284,0.000000,0.000000,0.000000,0.000000,0.000000,0.000000,HRDATA
"2025-05-11 11:27:30.935",0.037218,0.000000,0.000000,-0.802917,0.000107,0.524857,0.959245,0.000000,0.000000,0.000000,0.000000,0.000000,0.000000,HRDATA
"2025-05-11 11:27:31.936",0.045491,0.000000,0.000000,-0.879105,-0.363342,-0.094879,0.955952,0.000000,0.000000,0.000000,0.000000,0.000000,0.000000,HRDATA
"2025-05-11 11:27:32.936",0.147219,0.000000,0.000000,-0.801712,0.152908,0.397888,0.907986,0.000000,0.000000,0.000000,0.000000,0.000000,0.000000,HRDATA
"2025-05-11 11:27:33.936",0.048482,0.000000,0.000000,-0.851425,0.133133,0.533142,1.013356,0.000000,0.000000,0.000000,0.000000,0.000000,0.000000,HRDATA
"2025-05-11 11:27:34.933",0.195379,0.000000,0.000000,-0.837494,0.135712,0.535645,1.003359,0.000000,0.000000,0.000000,0.000000,0.000000,0.000000,HRDATA
"2025-05-11 11:27:35.938",0.274121,0.000000,0.000000,-0.836090,0.138077,0.538742,1.004169,0.000000,0.000000,0.000000,0.000000,0.000000,0.000000,HRDATA
"2025-05-11 11:27:36.939",0.178370,0.000000,0.000000,-0.826569,0.140945,0.280014,0.884019,0.000000,0.000000,0.000000,0.000000,0.000000,0.000000,HRDATA
"2025-05-11 11:27:37.937",0.138004,0.000000,0.000000,-0.802734,0.133148,0.672028,1.055335,0.000000,0.000000,0.000000,0.000000,0.000000,0.000000,HRDATA
"2025-05-11 11:27:38.935",0.138004,0.000000,0.000000,-0.774475,0.106583,0.561920,0.962770,0.000000,0.000000,0.000000,0.000000,0.000000,0.000000,HRDATA
"2025-05-11 11:27:39.939",0.122516,0.000000,0.000000,-0.833405,0.146652,0.636124,1.058642,0.000000,0.000000,0.000000,0.000000,0.000000,0.000000,HRDATA
"2025-05-11 11:27:40.935",0.147613,0.000000,0.000000,-0.844345,0.134949,0.507874,0.994518,0.000000,0.000000,0.000000,0.000000,0.000000,0.000000,HRDATA
"2025-05-11 11:27:41.939",0.146605,0.000000,0.000000,-0.834106,0.098709,0.525742,0.990899,0.000000,0.000000,0.000000,0.000000,0.000000,0.000000,HRDATA
"2025-05-11 11:27:42.937",0.165972,0.000000,0.000000,-0.820908,0.131760,0.537369,0.989957,0.000000,0.000000,0.000000,0.000000,0.000000,0.000000,HRDATA
"2025-05-11 11:27:43.937",0.230865,0.000000,0.000000,-0.819138,0.121170,0.560989,1.000189,0.000000,0.000000,0.000000,0.000000,0.000000,0.000000,HRDATA
"2025-05-11 11:27:44.937",0.127512,0.000000,0.000000,-0.822098,0.132446,0.574173,1.011465,0.000000,0.000000,0.000000,0.000000,0.000000,0.000000,HRDATA
"2025-05-11 11:27:45.935",0.087979,0.000000,0.000000,-0.814148,-0.015472,0.613815,1.019728,0.000000,0.000000,0.000000,0.000000,0.000000,0.000000,HRDATA
"2025-05-11 11:27:46.935",0.000000,0.000000,0.000000,-1.000000,-0.140091,0.522827,1.137090,0.000000,0.000000,0.000000,0.000000,0.000000,0.000000,HRDATA
"2025-05-11 11:27:47.939",0.045298,0.000000,0.000000,-0.785980,0.107330,0.477036,0.925661,0.000000,0.000000,0.000000,0.000000,0.000000,0.000000,HRDATA
"2025-05-11 11:27:48.938",1.660892,0.000000,0.000000,-0.963287,-0.001877,0.201508,0.984140,0.000000,0.000000,0.000000,0.000000,0.000000,0.000000,HRDATA
"2025-05-11 11:27:49.938",2.324024,0.000000,0.000000,-0.621277,0.345978,-0.479019,0.857406,0.000000,0.000000,0.000000,0.000000,0.000000,0.000000,HRDATA
"2025-05-11 11:27:50.939",2.324024,0.000000,0.000000,-0.845184,-0.135040,-0.287552,0.902917,0.000000,0.000000,0.000000,0.000000,0.000000,0.000000,HRDATA
"2025-05-11 11:27:51.935",2.390517,0.000000,0.000000,-1.206680,-0.167908,-0.053619,1.219486,0.000000,0.000000,0.000000,0.000000,0.000000,0.000000,HRDATA
"2025-05-11 11:27:52.939",3.557372,0.000000,0.000000,-0.958939,-0.368256,-1.051361,1.469876,0.000000,0.000000,0.000000,0.000000,0.000000,0.000000,HRDATA
"2025-05-11 11:27:53.939",5.319181,0.000000,0.000000,-0.617615,-0.178452,-0.592117,0.874011,0.000000,0.000000,0.000000,0.000000,0.000000,0.000000,HRDATA
"2025-05-11 11:27:54.937",6.633668,0.000000,0.000000,-0.859482,-0.173279,-0.810257,1.193839,0.000000,0.000000,0.000000,0.000000,0.000000,0.000000,HRDATA
"2025-05-11 11:27:55.934",6.633668,0.000000,0.000000,-1.084747,0.260925,-0.950455,1.465648,0.000000,0.000000,0.000000,0.000000,0.000000,0.000000,HRDATA
"2025-05-11 11:27:56.937",7.017075,0.000000,0.000000,-1.261063,0.118774,-0.586517,1.395847,0.000000,0.000000,0.000000,0.000000,0.000000,0.000000,HRDATA
"2025-05-11 11:27:57.936",7.310876,0.000000,0.000000,-1.188782,0.342575,-1.134338,1.678476,0.000000,0.000000,0.000000,0.000000,0.000000,0.000000,HRDATA
"2025-05-11 11:27:58.938",8.213695,0.000000,0.000000,-0.776779,0.161102,-0.639557,1.019006,0.000000,0.000000,0.000000,0.000000,0.000000,0.000000,HRDATA
"2025-05-11 11:27:59.939",8.494969,0.000000,0.000000,-0.538864,0.178802,-0.369125,0.677199,0.000000,0.000000,0.000000,0.000000,0.000000,0.000000,HRDATA
"2025-05-11 11:28:00.935",8.772773,0.000000,0.000000,-0.949738,0.049149,-0.533005,1.090189,0.000000,0.000000,0.000000,0.000000,0.000000,0.000000,HRDATA
"2025-05-11 11:28:01.934",9.013583,0.000000,0.000000,-1.128662,0.303238,-0.856201,1.448762,0.000000,0.000000,0.000000,0.000000,0.000000,0.000000,HRDATA
"2025-05-11 11:28:02.934",9.213914,0.000000,0.000000,-0.914658,0.056168,-0.313095,0.968391,0.000000,0.000000,0.000000,0.000000,0.000000,0.000000,HRDATA
"2025-05-11 11:28:03.934",9.237234,0.000000,0.000000,-0.805527,-0.156097,-0.537262,0.980760,0.000000,0.000000,0.000000,0.000000,0.000000,0.000000,HRDATA
"2025-05-11 11:28:04.934",9.219116,0.000000,0.000000,-1.490845,0.551987,-1.121460,1.945502,0.000000,0.000000,0.000000,0.000000,0.000000,0.000000,HRDATA
"2025-05-11 11:28:05.934",9.278812,0.000000,0.000000,-0.905930,0.083862,-1.169754,1.481913,0.000000,0.000000,0.000000,0.000000,0.000000,0.000000,HRDATA
"2025-05-11 11:28:06.935",9.267321,0.000000,0.000000,-0.718689,0.019638,-0.676544,0.987224,0.000000,0.000000,0.000000,0.000000,0.000000,0.000000,HRDATA
"2025-05-11 11:28:07.935",9.330728,0.000000,0.000000,-1.325317,0.360779,-1.550537,2.071423,0.000000,0.000000,0.000000,0.000000,0.000000,0.000000,HRDATA
"2025-05-11 11:28:08.935",9.373824,0.000000,0.000000,-1.019852,0.343399,-0.885208,1.393418,0.000000,0.000000,0.000000,0.000000,0.000000,0.000000,HRDATA
"2025-05-11 11:28:09.935",9.389792,0.000000,0.000000,-0.594757,0.019943,-0.553513,0.812718,0.000000,0.000000,0.000000,0.000000,0.000000,0.000000,HRDATA
"2025-05-11 11:28:10.935",9.347867,0.000000,0.000000,-0.860840,-0.005737,-0.653778,1.080974,0.000000,0.000000,0.000000,0.000000,0.000000,0.000000,HRDATA
"2025-05-11 11:28:11.936",9.308173,0.000000,0.000000,-1.175476,-0.020615,-0.983368,1.532704,0.000000,0.000000,0.000000,0.000000,0.000000,0.000000,HRDATA
"2025-05-11 11:28:12.936",9.325880,0.000000,0.000000,-0.754425,0.110992,-0.682190,1.023162,0.000000,0.000000,0.000000,0.000000,0.000000,0.000000,HRDATA
"2025-05-11 11:28:13.936",9.318726,0.000000,0.000000,-0.789490,0.334183,-0.714935,1.116291,0.000000,0.000000,0.000000,0.000000,0.000000,0.000000,HRDATA
"2025-05-11 11:28:14.936",9.255339,0.000000,0.000000,-0.814087,0.091278,-0.604370,1.018004,0.000000,0.000000,0.000000,0.000000,0.000000,0.000000,HRDATA
"2025-05-11 11:28:15.936",9.212088,0.000000,0.000000,-0.740021,0.046585,-0.993958,1.240061,0.000000,0.000000,0.000000,0.000000,0.000000,0.000000,HRDATA
"2025-05-11 11:28:16.936",9.155159,0.000000,0.000000,-0.700867,0.101135,-0.641663,0.955601,0.000000,0.000000,0.000000,0.000000,0.000000,0.000000,HRDATA
"2025-05-11 11:28:17.936",9.113010,0.000000,0.000000,-0.906464,0.188110,-0.622070,1.115362,0.000000,0.000000,0.000000,0.000000,0.000000,0.000000,HRDATA
"2025-05-11 11:28:18.936",9.001270,0.000000,0.000000,-1.072144,0.270660,-0.755829,1.339413,0.000000,0.000000,0.000000,0.000000,0.000000,0.000000,HRDATA
"2025-05-11 11:28:19.936",8.964955,0.000000,0.000000,-1.180435,0.310089,-0.776505,1.446562,0.000000,0.000000,0.000000,0.000000,0.000000,0.000000,HRDATA
"2025-05-11 11:28:20.937",9.019038,0.000000,0.000000,-0.536438,0.219284,-0.346878,0.675408,0.000000,0.000000,0.000000,0.000000,0.000000,0.000000,HRDATA
"2025-05-11 11:28:21.937",9.026871,0.000000,0.000000,-2.050888,-0.403107,-1.300064,2.461464,0.000000,0.000000,0.000000,0.000000,0.000000,0.000000,HRDATA
"2025-05-11 11:28:22.937",9.020444,0.000000,0.000000,-0.995911,-0.271744,-0.557404,1.173193,0.000000,0.000000,0.000000,0.000000,0.000000,0.000000,HRDATA
"2025-05-11 11:28:23.937",9.069790,0.000000,0.000000,-0.195862,0.295319,-0.599747,0.696614,0.000000,0.000000,0.000000,0.000000,0.000000,0.000000,HRDATA
"2025-05-11 11:28:24.937",9.058436,0.000000,0.000000,-0.512726,0.055359,-0.438492,0.676925,0.000000,0.000000,0.000000,0.000000,0.000000,0.000000,HRDATA
"2025-05-11 11:28:25.937",9.180078,0.000000,0.000000,-0.348358,-0.053299,-0.005463,0.352454,0.000000,0.000000,0.000000,0.000000,0.000000,0.000000,HRDATA
"2025-05-11 11:28:26.938",9.218490,0.000000,0.000000,-1.072739,0.254150,-1.149109,1.592423,0.000000,0.000000,0.000000,0.000000,0.000000,0.000000,HRDATA
"2025-05-11 11:28:27.938",9.228941,0.000000,0.000000,-0.474304,0.205185,-0.781113,0.936591,0.000000,0.000000,0.000000,0.000000,0.000000,0.000000,HRDATA
"2025-05-11 11:28:28.938",9.206172,0.000000,0.000000,-0.880432,-0.023102,-0.070786,0.883575,0.000000,0.000000,0.000000,0.000000,0.000000,0.000000,HRDATA
"2025-05-11 11:28:29.938",9.222082,0.000000,0.000000,-0.690125,0.151199,-0.634384,0.949514,0.000000,0.000000,0.000000,0.000000,0.000000,0.000000,HRDATA
"2025-05-11 11:28:30.938",9.181887,0.000000,0.000000,-0.671234,0.117126,-0.707993,0.982612,0.000000,0.000000,0.000000,0.000000,0.000000,0.000000,HRDATA
"2025-05-11 11:28:31.938",9.193297,0.000000,0.000000,-0.956650,-0.070709,-1.363754,1.667334,0.000000,0.000000,0.000000,0.000000,0.000000,0.000000,HRDATA
"2025-05-11 11:28:32.936",9.250074,0.000000,0.000000,-0.794250,0.198227,-0.672256,1.059272,0.000000,0.000000,0.000000,0.000000,0.000000,0.000000,HRDATA
"2025-05-11 11:28:33.939",9.176873,0.000000,0.000000,-0.777054,0.059799,-0.715759,1.058159,0.000000,0.000000,0.000000,0.000000,0.000000,0.000000,HRDATA
"2025-05-11 11:28:34.936",9.149860,0.000000,0.000000,-1.027069,-0.110245,-0.809006,1.312065,0.000000,0.000000,0.000000,0.000000,0.000000,0.000000,HRDATA
"2025-05-11 11:28:35.935",9.173492,0.000000,0.000000,-0.301483,-0.045380,-0.576004,0.651715,0.000000,0.000000,0.000000,0.000000,0.000000,0.000000,HRDATA
"2025-05-11 11:28:36.938",9.112279,0.000000,0.000000,-0.627563,-0.190170,-0.716049,0.970941,0.000000,0.000000,0.000000,0.000000,0.000000,0.000000,HRDATA
"2025-05-11 11:28:37.938",9.134176,0.000000,0.000000,-0.754868,0.354752,-0.832260,1.178274,0.000000,0.000000,0.000000,0.000000,0.000000,0.000000,HRDATA
"2025-05-11 11:28:38.938",9.088321,0.000000,0.000000,-0.501038,-0.125839,-0.307999,0.601446,0.000000,0.000000,0.000000,0.000000,0.000000,0.000000,HRDATA
"2025-05-11 11:28:39.938",9.007356,0.000000,0.000000,-1.164764,0.435059,-0.553009,1.360798,0.000000,0.000000,0.000000,0.000000,0.000000,0.000000,HRDATA
"2025-05-11 11:28:40.934",9.105528,0.000000,0.000000,-1.152832,0.138611,-0.460693,1.249189,0.000000,0.000000,0.000000,0.000000,0.000000,0.000000,HRDATA
"2025-05-11 11:28:41.938",9.115927,0.000000,0.000000,-0.772552,0.013840,-0.221634,0.803835,0.000000,0.000000,0.000000,0.000000,0.000000,0.000000,HRDATA
"2025-05-11 11:28:42.938",9.078990,0.000000,0.000000,-0.590591,-0.114609,-0.312256,0.677818,0.000000,0.000000,0.000000,0.000000,0.000000,0.000000,HRDATA
"2025-05-11 11:28:43.938",9.096726,0.000000,0.000000,-0.538651,-0.036133,-0.373581,0.656516,0.000000,0.000000,0.000000,0.000000,0.000000,0.000000,HRDATA
"2025-05-11 11:28:44.938",9.004569,0.000000,0.000000,-0.881851,0.031708,-0.754272,1.160859,0.000000,0.000000,0.000000,0.000000,0.000000,0.000000,HRDATA
"2025-05-11 11:28:45.934",9.039968,0.000000,0.000000,-0.626312,0.080460,-0.405746,0.750580,0.000000,0.000000,0.000000,0.000000,0.000000,0.000000,HRDATA
"2025-05-11 11:28:46.938",9.111725,0.000000,0.000000,-0.908661,-0.152725,-1.343719,1.629286,0.000000,0.000000,0.000000,0.000000,0.000000,0.000000,HRDATA
"2025-05-11 11:28:47.938",9.021721,0.000000,0.000000,-0.405457,0.245209,-0.658798,0.811503,0.000000,0.000000,0.000000,0.000000,0.000000,0.000000,HRDATA
"2025-05-11 11:28:48.938",9.049086,0.000000,0.000000,-0.658173,0.176468,-0.630463,0.928340,0.000000,0.000000,0.000000,0.000000,0.000000,0.000000,HRDATA
"2025-05-11 11:28:49.938",9.104982,0.000000,0.000000,-0.948181,0.044952,-1.077789,1.436210,0.000000,0.000000,0.000000,0.000000,0.000000,0.000000,HRDATA
"2025-05-11 11:28:50.934",9.138205,0.000000,0.000000,-0.830994,0.198257,-0.683044,1.093804,0.000000,0.000000,0.000000,0.000000,0.000000,0.000000,HRDATA
"2025-05-11 11:28:51.938",9.194056,0.000000,0.000000,-0.698715,0.475311,-0.876892,1.217811,0.000000,0.000000,0.000000,0.000000,0.000000,0.000000,HRDATA
"2025-05-11 11:28:52.938",9.182488,0.000000,0.000000,-0.448380,-0.131699,-0.425598,0.632078,0.000000,0.000000,0.000000,0.000000,0.000000,0.000000,HRDATA
"2025-05-11 11:28:53.938",9.256851,0.000000,0.000000,-0.446671,0.037979,-0.322754,0.552383,0.000000,0.000000,0.000000,0.000000,0.000000,0.000000,HRDATA
"2025-05-11 11:28:54.938",9.154625,0.000000,0.000000,-0.830887,0.182510,-0.668365,1.081848,0.000000,0.000000,0.000000,0.000000,0.000000,0.000000,HRDATA
"2025-05-11 11:28:55.934",9.284026,0.000000,0.000000,-0.792679,-0.028214,-0.468582,0.921252,0.000000,0.000000,0.000000,0.000000,0.000000,0.000000,HRDATA
"2025-05-11 11:28:56.938",9.150375,0.000000,0.000000,-0.687637,0.196259,-0.579651,0.920520,0.000000,0.000000,0.000000,0.000000,0.000000,0.000000,HRDATA
"2025-05-11 11:28:57.938",9.146687,0.000000,0.000000,-0.913818,0.325760,-1.032852,1.417028,0.000000,0.000000,0.000000,0.000000,0.000000,0.000000,HRDATA
"2025-05-11 11:28:58.938",9.225266,0.000000,0.000000,-1.164459,0.275497,-1.255829,1.734638,0.000000,0.000000,0.000000,0.000000,0.000000,0.000000,HRDATA
"2025-05-11 11:28:59.938",9.153204,0.000000,0.000000,-0.606720,-0.067368,-0.470169,0.770523,0.000000,0.000000,0.000000,0.000000,0.000000,0.000000,HRDATA
"2025-05-11 11:29:00.934",9.327809,0.000000,0.000000,-0.402481,-0.072739,-0.412491,0.580888,0.000000,0.000000,0.000000,0.000000,0.000000,0.000000,HRDATA
"2025-05-11 11:29:01.938",9.201554,0.000000,0.000000,-0.704559,0.171036,-0.957153,1.200750,0.000000,0.000000,0.000000,0.000000,0.000000,0.000000,HRDATA
"2025-05-11 11:29:02.938",9.174739,0.000000,0.000000,-0.577011,-0.121078,-0.384277,0.703755,0.000000,0.000000,0.000000,0.000000,0.000000,0.000000,HRDATA
"2025-05-11 11:29:03.938",9.320619,0.000000,0.000000,-0.706985,0.021622,-0.236084,0.745675,0.000000,0.000000,0.000000,0.000000,0.000000,0.000000,HRDATA
"2025-05-11 11:29:04.938",9.176180,0.000000,0.000000,-0.805634,0.115158,-1.000015,1.289317,0.000000,0.000000,0.000000,0.000000,0.000000,0.000000,HRDATA
"2025-05-11 11:29:05.934",9.112495,0.000000,0.000000,-1.054504,0.151398,-0.588593,1.217104,0.000000,0.000000,0.000000,0.000000,0.000000,0.000000,HRDATA
"2025-05-11 11:29:06.938",9.221488,0.000000,0.000000,-0.878143,-0.051651,-0.643188,1.089722,0.000000,0.000000,0.000000,0.000000,0.000000,0.000000,HRDATA
"2025-05-11 11:29:07.938",9.025993,0.000000,0.000000,-0.914780,-0.036911,-0.202530,0.937658,0.000000,0.000000,0.000000,0.000000,0.000000,0.000000,HRDATA
"2025-05-11 11:29:08.938",9.030679,0.000000,0.000000,-0.072861,-0.084854,0.513321,0.525364,0.000000,0.000000,0.000000,0.000000,0.000000,0.000000,HRDATA
"2025-05-11 11:29:09.938",9.047161,0.000000,0.000000,-0.714767,0.766983,-1.359161,1.716530,0.000000,0.000000,0.000000,0.000000,0.000000,0.000000,HRDATA
"2025-05-11 11:29:10.934",9.055263,0.000000,0.000000,-0.609558,0.094955,-0.545395,0.823428,0.000000,0.000000,0.000000,0.000000,0.000000,0.000000,HRDATA
"2025-05-11 11:29:11.938",9.404364,0.000000,0.000000,-0.791870,-0.021439,-0.678421,1.042964,0.000000,0.000000,0.000000,0.000000,0.000000,0.000000,HRDATA
"2025-05-11 11:29:12.938",9.068398,0.000000,0.000000,-0.867218,0.186157,-0.872513,1.244187,0.000000,0.000000,0.000000,0.000000,0.000000,0.000000,HRDATA
"2025-05-11 11:29:13.938",8.969495,0.000000,0.000000,-1.197754,0.506607,-1.066452,1.681840,0.000000,0.000000,0.000000,0.000000,0.000000,0.000000,HRDATA
"2025-05-11 11:29:14.938",8.792262,0.000000,0.000000,-0.251114,0.002441,-0.588181,0.639547,0.000000,0.000000,0.000000,0.000000,0.000000,0.000000,HRDATA
"2025-05-11 11:29:15.934",8.665789,0.000000,0.000000,-0.756912,-0.026840,-0.406784,0.859715,0.000000,0.000000,0.000000,0.000000,0.000000,0.000000,HRDATA
"2025-05-11 11:29:16.937",8.567140,0.000000,0.000000,-0.425613,-0.005966,-0.600327,0.735917,0.000000,0.000000,0.000000,0.000000,0.000000,0.000000,HRDATA
"2025-05-11 11:29:17.937",8.516614,0.000000,0.000000,-0.939087,0.270905,-0.825134,1.279109,0.000000,0.000000,0.000000,0.000000,0.000000,0.000000,HRDATA
"2025-05-11 11:29:18.937",8.505473,0.000000,0.000000,-0.703415,0.173248,-0.656418,0.977595,0.000000,0.000000,0.000000,0.000000,0.000000,0.000000,HRDATA
"2025-05-11 11:29:19.933",8.470994,0.000000,0.000000,-1.273926,0.217651,-0.870850,1.558409,0.000000,0.000000,0.000000,0.000000,0.000000,0.000000,HRDATA
"2025-05-11 11:29:20.933",8.500590,0.000000,0.000000,-0.742554,-0.019196,-0.658997,0.992991,0.000000,0.000000,0.000000,0.000000,0.000000,0.000000,HRDATA
"2025-05-11 11:29:21.933",8.597210,0.000000,0.000000,-0.782944,0.320602,-0.550812,1.009545,0.000000,0.000000,0.000000,0.000000,0.000000,0.000000,HRDATA
"2025-05-11 11:29:22.933",8.671133,0.000000,0.000000,-0.812637,0.035477,-0.882782,1.200392,0.000000,0.000000,0.000000,0.000000,0.000000,0.000000,HRDATA
"2025-05-11 11:29:23.933",8.644182,0.000000,0.000000,-0.756577,0.003387,-1.008652,1.260872,0.000000,0.000000,0.000000,0.000000,0.000000,0.000000,HRDATA
"2025-05-11 11:29:24.933",8.522519,0.000000,0.000000,-0.555725,0.269516,-0.857468,1.056750,0.000000,0.000000,0.000000,0.000000,0.000000,0.000000,HRDATA
"2025-05-11 11:29:25.933",8.614223,0.000000,0.000000,-0.580414,-0.014771,-0.158218,0.601774,0.000000,0.000000,0.000000,0.000000,0.000000,0.000000,HRDATA
"2025-05-11 11:29:26.934",8.580160,0.000000,0.000000,-0.862595,0.027359,-0.751144,1.144131,0.000000,0.000000,0.000000,0.000000,0.000000,0.000000,HRDATA
"2025-05-11 11:29:27.934",8.472945,0.000000,0.000000,-0.399338,-0.124802,-0.565948,0.703807,0.000000,0.000000,0.000000,0.000000,0.000000,0.000000,HRDATA
"2025-05-11 11:29:28.934",8.435580,0.000000,0.000000,-0.589615,0.120102,-0.096344,0.609387,0.000000,0.000000,0.000000,0.000000,0.000000,0.000000,HRDATA
"2025-05-11 11:29:29.934",8.285286,0.000000,0.000000,-0.293045,-0.099457,-0.599930,0.675043,0.000000,0.000000,0.000000,0.000000,0.000000,0.000000,HRDATA
"2025-05-11 11:29:30.934",8.342630,0.000000,0.000000,-0.666489,0.225906,-0.807297,1.070966,0.000000,0.000000,0.000000,0.000000,0.000000,0.000000,HRDATA
"2025-05-11 11:29:31.934",8.359270,0.000000,0.000000,-0.654938,-0.046555,-0.932327,1.140327,0.000000,0.000000,0.000000,0.000000,0.000000,0.000000,HRDATA
"2025-05-11 11:29:32.935",8.325724,0.000000,0.000000,-0.463608,0.156662,-0.722534,0.872657,0.000000,0.000000,0.000000,0.000000,0.000000,0.000000,HRDATA
"2025-05-11 11:29:33.935",8.341061,0.000000,0.000000,-0.669250,0.073303,-0.765030,1.019088,0.000000,0.000000,0.000000,0.000000,0.000000,0.000000,HRDATA
"2025-05-11 11:29:34.935",8.384071,0.000000,0.000000,-0.379639,0.111725,-0.672760,0.780522,0.000000,0.000000,0.000000,0.000000,0.000000,0.000000,HRDATA
"2025-05-11 11:29:35.935",8.408031,0.000000,0.000000,-0.864380,0.207321,-0.748215,1.161878,0.000000,0.000000,0.000000,0.000000,0.000000,0.000000,HRDATA
"2025-05-11 11:29:36.936",8.532534,0.000000,0.000000,-0.728104,0.059113,-0.647507,0.976163,0.000000,0.000000,0.000000,0.000000,0.000000,0.000000,HRDATA
"2025-05-11 11:29:37.936",8.428495,0.000000,0.000000,-1.127563,0.376038,-0.931076,1.509870,0.000000,0.000000,0.000000,0.000000,0.000000,0.000000,HRDATA
"2025-05-11 11:29:38.936",8.467907,0.000000,0.000000,-0.608887,0.251984,-0.550568,0.858699,0.000000,0.000000,0.000000,0.000000,0.000000,0.000000,HRDATA
"2025-05-11 11:29:39.936",8.474228,0.000000,0.000000,-0.931839,0.342865,-0.808167,1.280240,0.000000,0.000000,0.000000,0.000000,0.000000,0.000000,HRDATA
"2025-05-11 11:29:40.936",8.454431,0.000000,0.000000,-0.390320,0.102005,-0.516891,0.655692,0.000000,0.000000,0.000000,0.000000,0.000000,0.000000,HRDATA
"2025-05-11 11:29:41.936",8.504082,0.000000,0.000000,-0.529297,0.271973,-1.181335,1.322754,0.000000,0.000000,0.000000,0.000000,0.000000,0.000000,HRDATA
"2025-05-11 11:29:42.936",8.484901,0.000000,0.000000,-0.403030,0.855820,-0.870285,1.285401,0.000000,0.000000,0.000000,0.000000,0.000000,0.000000,HRDATA
"2025-05-11 11:29:43.936",8.493601,0.000000,0.000000,0.200348,-0.035034,0.232529,0.308928,0.000000,0.000000,0.000000,0.000000,0.000000,0.000000,HRDATA
"2025-05-11 11:29:44.937",8.541824,0.000000,0.000000,-1.378754,0.290222,-1.160889,1.825610,0.000000,0.000000,0.000000,0.000000,0.000000,0.000000,HRDATA
"2025-05-11 11:29:45.937",8.449956,0.000000,0.000000,-0.684265,0.119446,-0.408554,0.805855,0.000000,0.000000,0.000000,0.000000,0.000000,0.000000,HRDATA
"2025-05-11 11:29:46.937",8.489588,0.000000,0.000000,-0.807922,0.142792,-0.866211,1.193084,0.000000,0.000000,0.000000,0.000000,0.000000,0.000000,HRDATA
"2025-05-11 11:29:47.937",8.490366,0.000000,0.000000,-0.484634,0.169418,-0.573914,0.770032,0.000000,0.000000,0.000000,0.000000,0.000000,0.000000,HRDATA
"2025-05-11 11:29:48.937",8.539398,0.000000,0.000000,-0.618637,-0.083466,-0.762070,0.985103,0.000000,0.000000,0.000000,0.000000,0.000000,0.000000,HRDATA
"2025-05-11 11:29:49.938",8.615960,0.000000,0.000000,-0.564163,0.016785,-0.514969,0.764038,0.000000,0.000000,0.000000,0.000000,0.000000,0.000000,HRDATA
"2025-05-11 11:29:50.933",8.613988,0.000000,0.000000,-0.399994,-0.042603,-0.083954,0.410924,0.000000,0.000000,0.000000,0.000000,0.000000,0.000000,HRDATA
"2025-05-11 11:29:51.937",8.630412,0.000000,0.000000,-0.634277,0.190231,-0.646652,0.925556,0.000000,0.000000,0.000000,0.000000,0.000000,0.000000,HRDATA
"2025-05-11 11:29:52.937",8.693928,0.000000,0.000000,-0.531052,0.030869,-0.339630,0.631124,0.000000,0.000000,0.000000,0.000000,0.000000,0.000000,HRDATA
"2025-05-11 11:29:53.937",8.710461,0.000000,0.000000,-0.371094,0.269470,0.053513,0.461723,0.000000,0.000000,0.000000,0.000000,0.000000,0.000000,HRDATA
"2025-05-11 11:29:54.937",8.566854,0.000000,0.000000,-0.707291,0.110245,-1.016617,1.243352,0.000000,0.000000,0.000000,0.000000,0.000000,0.000000,HRDATA
"2025-05-11 11:29:55.934",8.488284,0.000000,0.000000,-1.001068,0.069717,-0.588913,1.163536,0.000000,0.000000,0.000000,0.000000,0.000000,0.000000,HRDATA
"2025-05-11 11:29:56.937",8.550410,0.000000,0.000000,-0.740204,0.157867,-0.811157,1.109414,0.000000,0.000000,0.000000,0.000000,0.000000,0.000000,HRDATA
"2025-05-11 11:29:57.937",8.540581,0.000000,0.000000,-1.028381,0.176422,-0.852631,1.347469,0.000000,0.000000,0.000000,0.000000,0.000000,0.000000,HRDATA
"2025-05-11 11:29:58.937",8.313330,0.000000,0.000000,-0.900757,0.086441,-0.410797,0.993775,0.000000,0.000000,0.000000,0.000000,0.000000,0.000000,HRDATA
"2025-05-11 11:29:59.937",8.400724,0.000000,0.000000,-0.639709,-0.058426,-0.747116,0.985304,0.000000,0.000000,0.000000,0.000000,0.000000,0.000000,HRDATA
"2025-05-11 11:30:00.934",8.386604,0.000000,0.000000,-2.299652,0.202179,-1.766052,2.906582,0.000000,0.000000,0.000000,0.000000,0.000000,0.000000,HRDATA
"2025-05-11 11:30:01.937",8.542793,0.000000,0.000000,-0.682770,0.195312,-0.633133,0.951409,0.000000,0.000000,0.000000,0.000000,0.000000,0.000000,HRDATA
"2025-05-11 11:30:02.936",8.379532,0.000000,0.000000,-3.415802,0.874039,-4.142242,5.439653,0.000000,0.000000,0.000000,0.000000,0.000000,0.000000,HRDATA
"2025-05-11 11:30:03.937",8.535831,0.000000,0.000000,-0.995316,0.327194,-0.670364,1.243824,0.000000,0.000000,0.000000,0.000000,0.000000,0.000000,HRDATA
"2025-05-11 11:30:04.937",8.382605,0.000000,0.000000,-0.688492,0.199615,-0.569016,0.915230,0.000000,0.000000,0.000000,0.000000,0.000000,0.000000,HRDATA
"2025-05-11 11:30:05.934",8.347801,0.000000,0.000000,-0.786545,0.177811,-0.793549,1.131366,0.000000,0.000000,0.000000,0.000000,0.000000,0.000000,HRDATA
"2025-05-11 11:30:06.937",8.421301,0.000000,0.000000,-0.284470,0.107727,-0.423203,0.521180,0.000000,0.000000,0.000000,0.000000,0.000000,0.000000,HRDATA
"2025-05-11 11:30:07.937",8.437566,0.000000,0.000000,-0.546204,0.260513,-0.500381,0.785231,0.000000,0.000000,0.000000,0.000000,0.000000,0.000000,HRDATA
"2025-05-11 11:30:08.937",8.320918,0.000000,0.000000,-1.144760,0.226410,-0.908798,1.479071,0.000000,0.000000,0.000000,0.000000,0.000000,0.000000,HRDATA
"2025-05-11 11:30:09.937",8.434576,0.000000,0.000000,0.213547,0.020111,0.159515,0.267305,0.000000,0.000000,0.000000,0.000000,0.000000,0.000000,HRDATA
"2025-05-11 11:30:10.933",8.346354,0.000000,0.000000,-1.930466,0.229843,-1.663376,2.558583,0.000000,0.000000,0.000000,0.000000,0.000000,0.000000,HRDATA
"2025-05-11 11:30:11.937",8.463687,0.000000,0.000000,-0.663269,-0.122955,-0.312073,0.743259,0.000000,0.000000,0.000000,0.000000,0.000000,0.000000,HRDATA
"2025-05-11 11:30:12.937",8.564241,0.000000,0.000000,-0.878220,-0.123581,-0.650909,1.100102,0.000000,0.000000,0.000000,0.000000,0.000000,0.000000,HRDATA
"2025-05-11 11:30:13.937",8.609865,0.000000,0.000000,-0.441193,-0.057449,-0.742249,0.865381,0.000000,0.000000,0.000000,0.000000,0.000000,0.000000,HRDATA
"2025-05-11 11:30:14.937",8.594471,0.000000,0.000000,-0.548294,0.023956,-0.463120,0.718109,0.000000,0.000000,0.000000,0.000000,0.000000,0.000000,HRDATA
"2025-05-11 11:30:15.933",8.601401,0.000000,0.000000,-0.532150,0.098190,-0.629578,0.830177,0.000000,0.000000,0.000000,0.000000,0.000000,0.000000,HRDATA
"2025-05-11 11:30:16.937",8.487343,0.000000,0.000000,-0.483322,0.128311,-0.825500,0.965150,0.000000,0.000000,0.000000,0.000000,0.000000,0.000000,HRDATA
"2025-05-11 11:30:17.937",8.440640,0.000000,0.000000,-0.884277,0.257370,-0.550964,1.073195,0.000000,0.000000,0.000000,0.000000,0.000000,0.000000,HRDATA
"2025-05-11 11:30:18.937",8.513513,0.000000,0.000000,-0.571808,-0.039017,-0.589096,0.821901,0.000000,0.000000,0.000000,0.000000,0.000000,0.000000,HRDATA
"2025-05-11 11:30:19.937",8.492477,0.000000,0.000000,-0.620056,0.212036,-0.631882,0.910332,0.000000,0.000000,0.000000,0.000000,0.000000,0.000000,HRDATA
"2025-05-11 11:30:20.933",8.533130,0.000000,0.000000,-0.501923,-0.021744,0.062317,0.506244,0.000000,0.000000,0.000000,0.000000,0.000000,0.000000,HRDATA
"2025-05-11 11:30:21.937",8.444566,0.000000,0.000000,-0.870026,0.226639,-0.440414,1.001137,0.000000,0.000000,0.000000,0.000000,0.000000,0.000000,HRDATA
"2025-05-11 11:30:22.937",8.422393,0.000000,0.000000,-0.775467,0.201462,-0.935471,1.231682,0.000000,0.000000,0.000000,0.000000,0.000000,0.000000,HRDATA
"2025-05-11 11:30:23.937",8.368109,0.000000,0.000000,-0.844208,-0.046021,-0.403732,0.936912,0.000000,0.000000,0.000000,0.000000,0.000000,0.000000,HRDATA
"2025-05-11 11:30:24.937",8.393642,0.000000,0.000000,-0.658997,0.132187,-0.427689,0.796660,0.000000,0.000000,0.000000,0.000000,0.000000,0.000000,HRDATA
"2025-05-11 11:30:25.933",8.374878,0.000000,0.000000,-0.851669,-0.020905,-0.634308,1.062132,0.000000,0.000000,0.000000,0.000000,0.000000,0.000000,HRDATA
"2025-05-11 11:30:26.937",8.382791,0.000000,0.000000,-1.025742,0.093292,-0.622681,1.203570,0.000000,0.000000,0.000000,0.000000,0.000000,0.000000,HRDATA
"2025-05-11 11:30:27.936",8.485720,0.000000,0.000000,-0.978195,0.056213,-0.686478,1.196360,0.000000,0.000000,0.000000,0.000000,0.000000,0.000000,HRDATA
"2025-05-11 11:30:28.935",8.571886,0.000000,0.000000,-0.751709,0.033951,-0.714783,1.037850,0.000000,0.000000,0.000000,0.000000,0.000000,0.000000,HRDATA
"2025-05-11 11:30:29.937",8.654094,0.000000,0.000000,-0.896347,0.309052,-0.797073,1.238659,0.000000,0.000000,0.000000,0.000000,0.000000,0.000000,HRDATA
"2025-05-11 11:30:30.933",8.568941,0.000000,0.000000,-2.896637,-0.090332,-2.776566,4.013475,0.000000,0.000000,0.000000,0.000000,0.000000,0.000000,HRDATA
"2025-05-11 11:30:31.937",8.612905,0.000000,0.000000,-1.010712,0.095306,-0.408859,1.094435,0.000000,0.000000,0.000000,0.000000,0.000000,0.000000,HRDATA
"2025-05-11 11:30:32.937",8.555772,0.000000,0.000000,-0.538467,0.131729,-0.067886,0.558487,0.000000,0.000000,0.000000,0.000000,0.000000,0.000000,HRDATA
"2025-05-11 11:30:33.937",8.419128,0.000000,0.000000,-1.221512,0.412643,-1.042999,1.658377,0.000000,0.000000,0.000000,0.000000,0.000000,0.000000,HRDATA
"2025-05-11 11:30:34.937",8.717616,0.000000,0.000000,-0.170944,-0.050507,-0.101486,0.205115,0.000000,0.000000,0.000000,0.000000,0.000000,0.000000,HRDATA
"2025-05-11 11:30:35.932",8.846094,0.000000,0.000000,-0.582611,0.234924,-1.000824,1.181640,0.000000,0.000000,0.000000,0.000000,0.000000,0.000000,HRDATA
"2025-05-11 11:30:36.935",8.587644,0.000000,0.000000,-0.912552,-0.031540,-1.370834,1.647098,0.000000,0.000000,0.000000,0.000000,0.000000,0.000000,HRDATA
"2025-05-11 11:30:37.937",8.581555,0.000000,0.000000,0.030563,-0.009689,0.022903,0.039403,0.000000,0.000000,0.000000,0.000000,0.000000,0.000000,HRDATA
"2025-05-11 11:30:38.933",8.622977,0.000000,0.000000,-0.812759,0.046280,-0.410324,0.911639,0.000000,0.000000,0.000000,0.000000,0.000000,0.000000,HRDATA
"2025-05-11 11:30:39.937",8.630594,0.000000,0.000000,-0.728409,-0.043503,-0.816925,1.095371,0.000000,0.000000,0.000000,0.000000,0.000000,0.000000,HRDATA
"2025-05-11 11:30:40.933",8.652919,0.000000,0.000000,-0.666550,0.424210,-1.144379,1.390627,0.000000,0.000000,0.000000,0.000000,0.000000,0.000000,HRDATA
"2025-05-11 11:30:41.936",8.647520,0.000000,0.000000,-0.968323,0.095795,-0.638138,1.163635,0.000000,0.000000,0.000000,0.000000,0.000000,0.000000,HRDATA
"2025-05-11 11:30:42.937",8.631111,0.000000,0.000000,-0.673035,-0.066208,-0.662140,0.946461,0.000000,0.000000,0.000000,0.000000,0.000000,0.000000,HRDATA
"2025-05-11 11:30:43.937",8.526100,0.000000,0.000000,-0.577545,0.208084,-0.497955,0.790454,0.000000,0.000000,0.000000,0.000000,0.000000,0.000000,HRDATA
"2025-05-11 11:30:44.936",8.584237,0.000000,0.000000,-0.864029,0.091217,-0.680359,1.103519,0.000000,0.000000,0.000000,0.000000,0.000000,0.000000,HRDATA
"2025-05-11 11:30:45.933",8.577191,0.000000,0.000000,-0.786179,-0.123856,-0.546783,0.965603,0.000000,0.000000,0.000000,0.000000,0.000000,0.000000,HRDATA
"2025-05-11 11:30:46.937",8.852609,0.000000,0.000000,-0.658981,0.270477,-1.036377,1.257574,0.000000,0.000000,0.000000,0.000000,0.000000,0.000000,HRDATA
"2025-05-11 11:30:47.937",9.056940,0.000000,0.000000,-0.453842,-0.009903,-0.368179,0.584488,0.000000,0.000000,0.000000,0.000000,0.000000,0.000000,HRDATA
"2025-05-11 11:30:48.937",9.179846,0.000000,0.000000,-0.621719,0.033539,-0.767868,0.988575,0.000000,0.000000,0.000000,0.000000,0.000000,0.000000,HRDATA
"2025-05-11 11:30:49.937",9.157157,0.000000,0.000000,-0.546997,-0.078552,-0.889023,1.046775,0.000000,0.000000,0.000000,0.000000,0.000000,0.000000,HRDATA
"2025-05-11 11:30:50.933",9.070833,0.000000,0.000000,-0.913742,0.011414,-0.752670,1.183878,0.000000,0.000000,0.000000,0.000000,0.000000,0.000000,HRDATA
"2025-05-11 11:30:51.936",9.042460,0.000000,0.000000,-2.004288,-0.058258,-1.680511,2.616234,0.000000,0.000000,0.000000,0.000000,0.000000,0.000000,HRDATA
"2025-05-11 11:30:52.937",8.949448,0.000000,0.000000,-1.101227,-0.000977,-0.882492,1.411203,0.000000,0.000000,0.000000,0.000000,0.000000,0.000000,HRDATA
"2025-05-11 11:30:53.937",8.944115,0.000000,0.000000,-0.700836,0.031403,-0.627670,0.941343,0.000000,0.000000,0.000000,0.000000,0.000000,0.000000,HRDATA
"2025-05-11 11:30:54.937",8.936268,0.000000,0.000000,-0.813095,0.234146,-0.769058,1.143415,0.000000,0.000000,0.000000,0.000000,0.000000,0.000000,HRDATA
"2025-05-11 11:30:55.933",8.922216,0.000000,0.000000,-0.783188,-0.134003,-0.505646,0.941816,0.000000,0.000000,0.000000,0.000000,0.000000,0.000000,HRDATA
"2025-05-11 11:30:56.937",8.897591,0.000000,0.000000,-0.936340,-0.036758,-0.631317,1.129887,0.000000,0.000000,0.000000,0.000000,0.000000,0.000000,HRDATA
"2025-05-11 11:30:57.937",8.785291,0.000000,0.000000,-0.548889,-0.038940,-0.185608,0.580729,0.000000,0.000000,0.000000,0.000000,0.000000,0.000000,HRDATA
"2025-05-11 11:30:58.935",8.720178,0.000000,0.000000,-0.672958,0.024658,-0.445816,0.807609,0.000000,0.000000,0.000000,0.000000,0.000000,0.000000,HRDATA
"2025-05-11 11:30:59.937",8.862498,0.000000,0.000000,-0.804596,0.092896,-0.839828,1.166755,0.000000,0.000000,0.000000,0.000000,0.000000,0.000000,HRDATA
"2025-05-11 11:31:00.932",8.882025,0.000000,0.000000,-0.734451,0.100647,-0.674347,1.002144,0.000000,0.000000,0.000000,0.000000,0.000000,0.000000,HRDATA
"2025-05-11 11:31:01.937",8.872207,0.000000,0.000000,-1.222275,0.079910,-0.725449,1.423593,0.000000,0.000000,0.000000,0.000000,0.000000,0.000000,HRDATA
"2025-05-11 11:31:02.937",8.812051,0.000000,0.000000,-0.401337,0.184723,-0.139297,0.463247,0.000000,0.000000,0.000000,0.000000,0.000000,0.000000,HRDATA
"2025-05-11 11:31:03.936",8.683165,0.000000,0.000000,-0.522263,0.093781,-0.572601,0.780657,0.000000,0.000000,0.000000,0.000000,0.000000,0.000000,HRDATA
"2025-05-11 11:31:04.937",7.394421,0.000000,0.000000,-0.690002,0.249008,-0.777542,1.068962,0.000000,0.000000,0.000000,0.000000,0.000000,0.000000,HRDATA
"2025-05-11 11:31:05.933",5.938928,0.000000,0.000000,-0.522644,0.010651,-0.522064,0.738797,0.000000,0.000000,0.000000,0.000000,0.000000,0.000000,HRDATA
"2025-05-11 11:31:06.937",4.892372,0.000000,0.000000,-0.810043,0.083374,-0.572174,0.995241,0.000000,0.000000,0.000000,0.000000,0.000000,0.000000,HRDATA
"2025-05-11 11:31:07.936",4.107199,0.000000,0.000000,-0.776443,0.279266,-0.662979,1.058487,0.000000,0.000000,0.000000,0.000000,0.000000,0.000000,HRDATA
"2025-05-11 11:31:08.937",3.688095,0.000000,0.000000,-0.782303,0.213608,-0.775406,1.121998,0.000000,0.000000,0.000000,0.000000,0.000000,0.000000,HRDATA
"2025-05-11 11:31:09.936",2.900814,0.000000,0.000000,-0.835388,0.110092,-0.645325,1.061338,0.000000,0.000000,0.000000,0.000000,0.000000,0.000000,HRDATA
"2025-05-11 11:31:10.932",2.111984,0.000000,0.000000,-0.724945,0.123322,-0.405045,0.839532,0.000000,0.000000,0.000000,0.000000,0.000000,0.000000,HRDATA
"2025-05-11 11:31:11.936",1.481445,0.000000,0.000000,-0.806046,0.117249,-0.683060,1.063027,0.000000,0.000000,0.000000,0.000000,0.000000,0.000000,HRDATA
"2025-05-11 11:31:12.937",3.230347,0.000000,0.000000,-0.826492,0.070969,-0.484833,0.960827,0.000000,0.000000,0.000000,0.000000,0.000000,0.000000,HRDATA
"2025-05-11 11:31:13.937",2.680147,0.000000,0.000000,-0.992630,0.003464,-0.501160,1.111975,0.000000,0.000000,0.000000,0.000000,0.000000,0.000000,HRDATA
"2025-05-11 11:31:14.936",3.663614,0.000000,0.000000,-0.882462,0.178650,-0.581909,1.072041,0.000000,0.000000,0.000000,0.000000,0.000000,0.000000,HRDATA
"2025-05-11 11:31:15.932",3.687390,0.000000,0.000000,-0.454056,0.054535,-0.666718,0.808488,0.000000,0.000000,0.000000,0.000000,0.000000,0.000000,HRDATA
"2025-05-11 11:31:16.936",2.789796,0.000000,0.000000,-0.778992,0.186005,-0.605591,1.004075,0.000000,0.000000,0.000000,0.000000,0.000000,0.000000,HRDATA
"2025-05-11 11:31:17.936",1.655664,0.000000,0.000000,-0.921448,0.093338,-0.432709,1.022260,0.000000,0.000000,0.000000,0.000000,0.000000,0.000000,HRDATA
"2025-05-11 11:31:18.936",0.266415,0.000000,0.000000,-0.886337,0.067322,-0.459412,1.000592,0.000000,0.000000,0.000000,0.000000,0.000000,0.000000,HRDATA
"2025-05-11 11:31:19.937",0.141577,0.000000,0.000000,-1.266815,0.031555,-0.022659,1.267411,0.000000,0.000000,0.000000,0.000000,0.000000,0.000000,HRDATA
"2025-05-11 11:31:20.932",0.000000,0.000000,0.000000,-0.772873,0.035736,-0.548218,0.948236,0.000000,0.000000,0.000000,0.000000,0.000000,0.000000,HRDATA
"2025-05-11 11:31:21.936",0.091794,0.000000,0.000000,-0.819092,0.123672,-0.417252,0.927526,0.000000,0.000000,0.000000,0.000000,0.000000,0.000000,HRDATA
"2025-05-11 11:31:22.936",0.157862,0.000000,0.000000,-0.847061,0.089828,-0.556763,1.017628,0.000000,0.000000,0.000000,0.000000,0.000000,0.000000,HRDATA
"2025-05-11 11:31:23.936",0.258618,0.000000,0.000000,-0.574188,0.181259,0.679245,0.907701,0.000000,0.000000,0.000000,0.000000,0.000000,0.000000,HRDATA
"2025-05-11 11:31:24.936",0.092118,0.000000,0.000000,0.346603,0.254654,-0.420776,0.601694,0.000000,0.000000,0.000000,0.000000,0.000000,0.000000,HRDATA
"2025-05-11 11:31:25.932",0.127617,0.000000,0.000000,0.128860,-0.586624,-0.646042,0.882101,0.000000,0.000000,0.000000,0.000000,0.000000,0.000000,HRDATA
"2025-05-11 11:31:26.933",0.756180,0.000000,0.000000,0.154037,-0.570862,-0.906006,1.081877,0.000000,0.000000,0.000000,0.000000,0.000000,0.000000,HRDATA
